client_code,product,push_notification
1,–ò–Ω–≤–µ—Å—Ç–∏—Ü–∏–∏,"–ê–π–≥–µ—Ä–∏–º, –º—ã –∑–∞–º–µ—Ç–∏–ª–∏, —á—Ç–æ —É –≤–∞—Å –Ω–∞ —Å—á–µ—Ç—É 92 643 ‚Ç∏. –ß—Ç–æ –µ—Å–ª–∏ –∏—Ö –ø—Ä–∏—É–º–Ω–æ–∂–∏—Ç—å? üòè –ë–ª–∞–≥–æ–¥–∞—Ä—è –∏–Ω–≤–µ—Å—Ç–∏—Ü–∏—è–º, –≤–∞—à–∞ –≤—ã–≥–æ–¥–∞ –º–æ–∂–µ—Ç —Å–æ—Å—Ç–∞–≤–∏—Ç—å 926,43 ‚Ç∏ —É–∂–µ –Ω–∞ —Å–ª–µ–¥—É—é—â–∏–π –º–µ—Å—è—Ü. –ü–æ–ø—Ä–æ–±–æ–≤–∞—Ç—å?"
2,–ò–Ω–≤–µ—Å—Ç–∏—Ü–∏–∏,"–î–∞–Ω–∏—è—Ä, –≤–∞—à–∏ 1 577 073 ‚Ç∏ –º–æ–≥—É—Ç –ø—Ä–∏–Ω–µ—Å—Ç–∏ –¥–æ–ø–æ–ª–Ω–∏—Ç–µ–ª—å–Ω–æ 15 770,73 ‚Ç∏. –†–∞–∑–≤–µ —ç—Ç–æ –Ω–µ –∑–≤—É—á–∏—Ç –ø—Ä–∏–≤–ª–µ–∫–∞—Ç–µ–ª—å–Ω–æ? –ò–Ω–≤–µ—Å—Ç–∏—Ä—É–π—Ç–µ –ø—Ä—è–º–æ —Å–µ–π—á–∞—Å –∏ —Å–º–æ—Ç—Ä–∏—Ç–µ, –∫–∞–∫ —Ä–∞—Å—Ç—ë—Ç –≤–∞—à –±–∞–ª–∞–Ω—Å. üí∞ –ò–Ω–≤–µ—Å—Ç–∏—Ä–æ–≤–∞—Ç—å"
3,–ö–∞—Ä—Ç–∞ –¥–ª—è –ø—É—Ç–µ—à–µ—Å—Ç–≤–∏–π,"–ü—Ä–∏–≤–µ—Ç, –°–∞–±–∏–Ω–∞! üåç –°—Ç—É–¥–µ–Ω—Ç—ã —Ç–æ–∂–µ –∑–∞—Å–ª—É–∂–∏–≤–∞—é—Ç –æ—Ç–¥—ã—Ö, –ø—Ä–∞–≤–¥–∞? –ö–∞—Ä—Ç–∞ –¥–ª—è –ø—É—Ç–µ—à–µ—Å—Ç–≤–∏–π ‚Äî —Ç–≤–æ–π –±–∏–ª–µ—Ç –≤ –Ω–æ–≤—ã–µ –ø—Ä–∏–∫–ª—é—á–µ–Ω–∏—è. –°–±–µ—Ä–µ–≥–∏ –Ω–∞ –≤–∞–∂–Ω–æ–µ. –ü–æ—Å–º–æ—Ç—Ä–µ—Ç—å."
4,–ò–Ω–≤–µ—Å—Ç–∏—Ü–∏–∏,"–¢–∏–º—É—Ä, –∑–∞—Ä–ø–ª–∞—Ç–Ω—ã–µ 83 351 ‚Ç∏ –º–æ–≥—É—Ç —Ä–∞–±–æ—Ç–∞—Ç—å –Ω–∞ –≤–∞—Å. –ü–æ–ø—Ä–æ–±—É–π—Ç–µ –∏–Ω–≤–µ—Å—Ç–∏—Ü–∏–∏, –æ–Ω–∏ –ø—Ä–∏–Ω–µ—Å—É—Ç –ø—Ä–∏–±—ã–ª—å. –û—Ç–∫—Ä—ã—Ç—å üíº"
5,–ö–∞—Ä—Ç–∞ –¥–ª—è –ø—É—Ç–µ—à–µ—Å—Ç–≤–∏–π,"–ü—Ä–∏–≤–µ—Ç, –ö–∞–º–∏–ª–ª–∞! –ì–æ—Ç–æ–≤—ã –∫ –Ω–æ–≤—ã–º –ø—Ä–∏–∫–ª—é—á–µ–Ω–∏—è–º? –í–∞—à –±–∞–ª–∞–Ω—Å 1 336 536 ‚Ç∏ –∂–¥–µ—Ç –ø—É—Ç–µ—à–µ—Å—Ç–≤–∏–π. –° –Ω–∞—à–µ–π –∫–∞—Ä—Ç–æ–π –¥–ª—è –ø—É—Ç–µ—à–µ—Å—Ç–≤–∏–π –º–∏—Ä —Å—Ç–∞–Ω–µ—Ç –µ—â–µ —è—Ä—á–µ üåç. –ü–æ–ª—É—á–∏—Ç—å."
6,–ö–∞—Ä—Ç–∞ –¥–ª—è –ø—É—Ç–µ—à–µ—Å—Ç–≤–∏–π,"–ê—è–Ω, –¥–ª—è –≤–∞—à–∏—Ö –ø—É—Ç–µ—à–µ—Å—Ç–≤–∏–π –º—ã –Ω–∞—à–ª–∏ —á—Ç–æ-—Ç–æ –æ—Å–æ–±–µ–Ω–Ω–æ–µ. –ü—Ä–µ–¥—Å—Ç–∞–≤–ª—è–µ–º –∫–∞—Ä—Ç—É –¥–ª—è –≥–ª–æ–±–∞–ª—å–Ω—ã—Ö –ø—É—Ç–µ—à–µ—Å—Ç–≤–µ–Ω–Ω–∏–∫–æ–≤, –∫–∞–∫ –≤—ã. –ü–æ—Å–º–æ—Ç—Ä–µ—Ç—å? üåç"
7,–ö–∞—Ä—Ç–∞ –¥–ª—è –ø—É—Ç–µ—à–µ—Å—Ç–≤–∏–π,"–†—É—Å–ª–∞–Ω, –º—ã –∑–Ω–∞–µ–º, —Ç—ã –ª—é–±–∏—à—å –ø—É—Ç–µ—à–µ—Å—Ç–≤–æ–≤–∞—Ç—å. –ù–∞—à–∞ –∫–∞—Ä—Ç–∞ –¥–ª—è –ø—É—Ç–µ—à–µ—Å—Ç–≤–∏–π —Å—Ç–∞–Ω–µ—Ç —Ç–≤–æ–∏–º –Ω–∞–¥–µ–∂–Ω—ã–º —Å–ø—É—Ç–Ω–∏–∫–æ–º –≤–æ –≤—Å–µ—Ö –ø–æ–µ–∑–¥–∫–∞—Ö üåç –ü–æ—Å–º–æ—Ç—Ä–µ—Ç—å."
8,–ò–Ω–≤–µ—Å—Ç–∏—Ü–∏–∏,"–ü—Ä–∏–≤–µ—Ç, –ú–∞–¥–∏–Ω–∞! –í—ã–≥–æ–¥–Ω–µ–µ –Ω–µ –±—ã–≤–∞–µ—Ç: –≤–∞—à –±–∞–ª–∞–Ω—Å 1 058 403 ‚Ç∏ –≥–æ—Ç–æ–≤ –ø–æ—Ä–∞–±–æ—Ç–∞—Ç—å –Ω–∞ –≤–∞—Å. –ò–Ω–≤–µ—Å—Ç–∏—Ä—É–π—Ç–µ –∏ –∑–∞—Ä–∞–±–æ—Ç–∞–π—Ç–µ –µ—â–µ 10 584,03 ‚Ç∏. –ü–æ–ø—Ä–æ–±–æ–≤–∞—Ç—å?"
9,–ö–∞—Ä—Ç–∞ –¥–ª—è –ø—É—Ç–µ—à–µ—Å—Ç–≤–∏–π,"–ü—Ä–∏–≤–µ—Ç, –ê—Ä–º–∞–Ω! üåç –° –Ω–∞—à–µ–π –∫–∞—Ä—Ç–æ–π –ø—É—Ç–µ—à–µ—Å—Ç–≤–∏—è —Å—Ç–∞–Ω—É—Ç –µ—â—ë –∫–æ–º—Ñ–æ—Ä—Ç–Ω–µ–µ –∏ –±–µ–∑–∑–∞–±–æ—Ç–Ω–µ–µ. –ù–∞—Å—Ç—Ä–æ–∏—Ç—å –∫–∞—Ä—Ç—É –ø—Ä—è–º–æ —Å–µ–π—á–∞—Å ‚Äî –¥–µ–ª–æ –ø–∞—Ä—ã –∫–ª–∏–∫–æ–≤. –ü–æ–ø—Ä–æ–±–æ–≤–∞—Ç—å?"
10,–ò–Ω–≤–µ—Å—Ç–∏—Ü–∏–∏,"–ü—Ä–∏–≤–µ—Ç, –ö–∞—Ä–∏–Ω–∞! –ë—É–¥—É—â–µ–µ –Ω–∞—á–∏–Ω–∞–µ—Ç—Å—è —Å–µ–≥–æ–¥–Ω—è. –ü–æ–¥—É–º–∞–π –æ–± –∏–Ω–≤–µ—Å—Ç–∏—Ü–∏—è—Ö –∏ –ø–æ–ª—É—á–∏ –≤–æ–∑–º–æ–∂–Ω—É—é –≤—ã–≥–æ–¥—É –≤ 12 773,25 ‚Ç∏. –•–æ—á–µ—à—å –∑–Ω–∞—Ç—å –±–æ–ª—å—à–µ? –ò–Ω–≤–µ—Å—Ç–∏—Ä–æ–≤–∞—Ç—å."
11,–ö–∞—Ä—Ç–∞ –¥–ª—è –ø—É—Ç–µ—à–µ—Å—Ç–≤–∏–π,"–ü—Ä–∏–≤–µ—Ç, –ë–∞—É—Ä–∂–∞–Ω! –ü—É—Ç–µ—à–µ—Å—Ç–≤–∏–µ —É–∂–µ –Ω–∞ –≥–æ—Ä–∏–∑–æ–Ω—Ç–µ? –ù–∞—à–∏ –∫–∞—Ä—Ç–æ—á–∫–∏ –¥–ª—è –ø—É—Ç–µ—à–µ—Å—Ç–≤–∏–π –ø–æ–º–æ–≥—É—Ç –≤–∞–º —Å—ç–∫–æ–Ω–æ–º–∏—Ç—å. –ü–æ–¥—Ä–æ–±–Ω–µ–µ –≤ –ø—Ä–∏–ª–æ–∂–µ–Ω–∏–∏. –û—Ç–∫—Ä—ã—Ç—å. üåç"
12,–ò–Ω–≤–µ—Å—Ç–∏—Ü–∏–∏,"–ü—Ä–∏–≤–µ—Ç, –ñ–∞–Ω–∞—Ä! üòä –£ –Ω–∞—Å –µ—Å—Ç—å –∏–¥–µ—è, –∫–∞–∫ —É–≤–µ–ª–∏—á–∏—Ç—å —Ç–≤–æ–∏ 849 046 ‚Ç∏. –†–∞—Å—Å–º–æ—Ç—Ä–∏–º –∏–Ω–≤–µ—Å—Ç–∏—Ü–∏–∏? –ü–æ—Ç–µ–Ω—Ü–∏–∞–ª—å–Ω–∞—è –≤—ã–≥–æ–¥–∞ —Å–æ—Å—Ç–∞–≤–∏—Ç 8 490,46 ‚Ç∏. –ò–Ω—Ç–µ—Ä–µ—Å–Ω–æ? –ü–æ—Å–º–æ—Ç—Ä–µ—Ç—å."
13,–ö–∞—Ä—Ç–∞ –¥–ª—è –ø—É—Ç–µ—à–µ—Å—Ç–≤–∏–π,"–ê–ª–∏–Ω–∞, –¥–ª—è —Å—Ç—É–¥–µ–Ω—Ç–∫–∏-–º–∏—Ä–æ–ø—É—Ç–µ—à–µ—Å—Ç–≤–µ–Ω–Ω–∏—Ü—ã –∫–∞–∫ —Ç—ã, –Ω–∞—à–∞ –ö–∞—Ä—Ç–∞ –¥–ª—è –ø—É—Ç–µ—à–µ—Å—Ç–≤–∏–π ‚Äî –∏–¥–µ–∞–ª—å–Ω—ã–π —Å–ø—É—Ç–Ω–∏–∫. üåç –ö—Ç–æ –∑–Ω–∞–µ—Ç, –∫—É–¥–∞ —Ç–µ–±—è –∑–∞–Ω–µ—Å–µ—Ç —Å–ª–µ–¥—É—é—â–∞—è —ç–∫—Å–∫—É—Ä—Å–∏—è? –û—Ç–∫—Ä—ã—Ç—å."
14,–ò–Ω–≤–µ—Å—Ç–∏—Ü–∏–∏,"–ü—Ä–∏–≤–µ—Ç, –î–∏–∞—Å! –£ –Ω–∞—Å –¥–ª—è —Ç–µ–±—è –ø—Ä–µ–¥–ª–æ–∂–µ–Ω–∏–µ: –ø–æ–ø—Ä–æ–±—É–π –∏–Ω–≤–µ—Å—Ç–∏—Ü–∏–∏ –∏ —É–≤–µ–ª–∏—á—å —Å–≤–æ–π –±–∞–ª–∞–Ω—Å –Ω–∞ 573,85 ‚Ç∏. –≠–∫–æ–Ω–æ–º–∏—è –≤–µ–¥—å –≤ —Ç–≤–æ–µ–º —Å—Ç–∏–ª–µ, –Ω–µ —Ç–∞–∫ –ª–∏? üòâ –ù–∞—á–∞—Ç—å."
15,–ö–∞—Ä—Ç–∞ –¥–ª—è –ø—É—Ç–µ—à–µ—Å—Ç–≤–∏–π,"–ù—É—Ä–∏—è, –∑–∞–º–µ—á–∞–ª–∏, –∫–∞–∫ –≤–∞—à –±–∞–ª–∞–Ω—Å 160 778 ‚Ç∏ —Å–º–æ—Ç—Ä–∏—Ç—Å—è —à–∏–∫–∞—Ä–Ω–æ –Ω–∞ —Ñ–æ–Ω–µ –≠–π—Ñ–µ–ª–µ–≤–æ–π –±–∞—à–Ω–∏? –ë—Ä–æ–Ω–∏—Ä—É–π—Ç–µ –±–∏–ª–µ—Ç—ã –∏ –Ω–µ –∑–∞–±—É–¥—å—Ç–µ –ø—Ä–æ –Ω–∞—à—É –∫–∞—Ä—Ç—É –¥–ª—è –ø—É—Ç–µ—à–µ—Å—Ç–≤–∏–π. –û—Ç–∫—Ä—ã—Ç—å. üóº"
16,–ö–∞—Ä—Ç–∞ –¥–ª—è –ø—É—Ç–µ—à–µ—Å—Ç–≤–∏–π,"–ü—Ä–∏–≤–µ—Ç, –ï—Ä–∞—Å—ã–ª! –°—Ç—É–¥–µ–Ω—Ç–∞–º —Ç–æ–∂–µ —Ö–æ—á–µ—Ç—Å—è –ø—É—Ç–µ—à–µ—Å—Ç–≤–æ–≤–∞—Ç—å, –ø—Ä–∞–≤–¥–∞? –í–æ—Ç —Ç–µ–±–µ –∫–∞—Ä—Ç–∞ –¥–ª—è –ø—É—Ç–µ—à–µ—Å—Ç–≤–∏–π, –æ–Ω–∞ —ç–∫–æ–Ω–æ–º–∏—Ç –º–µ—Å—Ç–æ –≤ –∫–æ—à–µ–ª—å–∫–µ –∏ –Ω–µ —Ç—Ä–µ–±—É–µ—Ç –¥–æ–ø–æ–ª–Ω–∏—Ç–µ–ª—å–Ω—ã—Ö —Ä–∞—Å—Ö–æ–¥–æ–≤. üåç –ò—Å–ø–æ–ª—å–∑–æ–≤–∞—Ç—å."
17,–ò–Ω–≤–µ—Å—Ç–∏—Ü–∏–∏,"–ñ–∞–Ω–µ–ª—å, –∑–∞—Ä–ø–ª–∞—Ç–Ω—ã–µ –∫–ª–∏–µ–Ω—Ç—ã –∫–∞–∫ –≤—ã –∑–∞—Å–ª—É–∂–∏–≤–∞—é—Ç –±–æ–ª—å—à–µ–≥–æ. üëë –ü–æ–ø—Ä–æ–±—É–π—Ç–µ –∏–Ω–≤–µ—Å—Ç–∏—Ü–∏–∏ ‚Äî –æ–Ω–∏ –º–æ–≥—É—Ç –ø—Ä–∏–Ω–µ—Å—Ç–∏ –≤–∞–º –¥–æ 891,26 ‚Ç∏. –ù–∞—á–Ω–µ–º?"
18,–ö–∞—Ä—Ç–∞ –¥–ª—è –ø—É—Ç–µ—à–µ—Å—Ç–≤–∏–π,"–°–∞–Ω–∂–∞—Ä, –ø–æ—Ä–∞ –≤ –ø—É—Ç—å! –ë–µ—Ä–∏ –∫–∞—Ä—Ç—É –¥–ª—è –ø—É—Ç–µ—à–µ—Å—Ç–≤–∏–π –∏ –æ—Ç–∫—Ä—ã–≤–∞–π –Ω–æ–≤—ã–µ –≥–æ—Ä–∏–∑–æ–Ω—Ç—ã. –ù–µ –≤–æ–ª–Ω—É–π—Å—è, —Å –Ω–∞–º–∏ –≤—ã–≥–æ–¥–Ω–æ –∏ –±–µ–∑–æ–ø–∞—Å–Ω–æ. –ì–æ—Ç–æ–≤ –∫ –ø—Ä–∏–∫–ª—é—á–µ–Ω–∏—è–º? üåç –û—Ç–∫—Ä—ã—Ç—å."
19,–ò–Ω–≤–µ—Å—Ç–∏—Ü–∏–∏,"–ê–∑–∞–º–∞—Ç, –∑–∞–º–µ—Ç–∏–ª–∏, —á—Ç–æ —É –≤–∞—Å —Å–∫–æ–ø–∏–ª–æ—Å—å 80 150 ‚Ç∏? ü§î –ü–æ—Ä–∞ —Å–¥–µ–ª–∞—Ç—å –¥–µ–Ω—å–≥–∏ —Ä–∞–±–æ—Ç–∞—é—â–∏–º–∏! –° –∏–Ω–≤–µ—Å—Ç–∏—Ü–∏—è–º–∏ –æ–Ω–∏ –ø—Ä–∏–Ω–µ—Å—É—Ç –≤–∞–º –µ—â—ë 801,50 ‚Ç∏. –ó–∞–∏–Ω—Ç–µ—Ä–µ—Å–æ–≤–∞–ª—Å—è? –ü–æ—Å–º–æ—Ç—Ä–µ—Ç—å."
20,–ö–∞—Ä—Ç–∞ –¥–ª—è –ø—É—Ç–µ—à–µ—Å—Ç–≤–∏–π,"–ê–Ω–µ–ª—å, –º–∏—Ä –∂–¥–µ—Ç –æ—Ç–∫—Ä—ã—Ç–∏–π! üåç –° –Ω–∞—à–µ–π –∫–∞—Ä—Ç–æ–π –¥–ª—è –ø—É—Ç–µ—à–µ—Å—Ç–≤–∏–π –≤–∞—à–∏ –ø–æ–µ–∑–¥–∫–∏ —Å—Ç–∞–Ω—É—Ç –µ—â–µ –∫–æ–º—Ñ–æ—Ä—Ç–Ω–µ–µ. –ù–µ —Ç–µ—Ä—è–π—Ç–µ –≤—Ä–µ–º—è, –º–∏—Ä —Ç–∞–∫–æ–π –±–æ–ª—å—à–æ–π! –û—Ç–∫—Ä—ã—Ç—å."
21,–ò–Ω–≤–µ—Å—Ç–∏—Ü–∏–∏,"""–ü–∞–≤–µ–ª, –≤–∞—à–∏ 1 798 169 ‚Ç∏ –≥–æ—Ç–æ–≤—ã –ø—Ä–∏—É–º–Ω–æ–∂–∏—Ç—å—Å—è! üëÄ –û—Ç–∫—Ä–æ–π—Ç–µ –ò–Ω–≤–µ—Å—Ç–∏—Ü–∏–∏ –∏ —É–≤–∏–¥–∏—Ç–µ, –∫–∞–∫ –≤–æ–∑—Ä–∞—Å—Ç–∞–µ—Ç –≤–∞—à –±–∞–ª–∞–Ω—Å. –ü–ª—é—Å, –µ–∂–µ–º–µ—Å—è—á–Ω–∞—è –≤—ã–≥–æ–¥–∞ –º–æ–∂–µ—Ç —Å–æ—Å—Ç–∞–≤–∏—Ç—å 17 981,69 ‚Ç∏. –ü–æ–ø—Ä–æ–±–æ–≤–∞—Ç—å?"""
22,–ò–Ω–≤–µ—Å—Ç–∏—Ü–∏–∏,"–ü—Ä–∏–≤–µ—Ç, –ê—Ä—É–∂–∞–Ω! –ó–Ω–∞–µ—à—å, –∫–∞–∫ –ø—Ä–µ–≤—Ä–∞—Ç–∏—Ç—å 77 474 ‚Ç∏ –≤ 78 248,74 ‚Ç∏ –±–µ–∑ –æ—Å–æ–±—ã—Ö —É—Å–∏–ª–∏–π? –ü–æ–ø—Ä–æ–±—É–π –∏–Ω–≤–µ—Å—Ç–∏—Ü–∏–∏! –≠–∫–æ–Ω–æ–º—å –ø—Ä–æ—Å—Ç–æ –∏ —É–º–Ω–æ. üöÄ –ü–æ—Å–º–æ—Ç—Ä–µ—Ç—å."
23,–ö–∞—Ä—Ç–∞ –¥–ª—è –ø—É—Ç–µ—à–µ—Å—Ç–≤–∏–π,"""–¢–µ–º–∏—Ä–ª–∞–Ω, –≤–∞—à –∫–æ—Å–º–∏—á–µ—Å–∫–∏–π –∫–æ—Ä–∞–±–ª—å –≤ –≤–∏–¥–µ –∫–∞—Ä—Ç—ã –¥–ª—è –ø—É—Ç–µ—à–µ—Å—Ç–≤–∏–π –≥–æ—Ç–æ–≤ –∫ —Å—Ç–∞—Ä—Ç—É üöÄ. –ó–∞ –±–æ—Ä—Ç–æ–º 146 389 ‚Ç∏ –∏ –±–µ—Å–∫–æ–Ω–µ—á–Ω—ã–µ –≥–∞–ª–∞–∫—Ç–∏–∫–∏ –æ—Ç–∫—Ä—ã—Ç–∏–π. –ü–æ–µ—Ö–∞–ª–∏?"" CTA: –û—Ç–∫—Ä—ã—Ç—å"
24,–ò–Ω–≤–µ—Å—Ç–∏—Ü–∏–∏,"–ì—É–ª—å–º–∏—Ä–∞, –≤—ã –∑–∞—Å–ª—É–∂–∏–≤–∞–µ—Ç–µ –±–æ–ª—å—à–µ! –° –∏–Ω–≤–µ—Å—Ç–∏—Ü–∏—è–º–∏ –≤–∞—à –±–∞–ª–∞–Ω—Å –≤ 53 785 ‚Ç∏ –º–æ–∂–µ—Ç —Ç—Ä—É–¥–∏—Ç—å—Å—è –∏ –ø—Ä–∏–Ω–æ—Å–∏—Ç—å –¥–æ—Ö–æ–¥. –ü–ª—é—Å–∏–∫ –∫ –∑–∞—Ä–ø–ª–∞—Ç–µ, –∑–∞—á–µ–º –Ω–µ—Ç? –ü–æ–ø—Ä–æ–±–æ–≤–∞—Ç—å?"
25,–ò–Ω–≤–µ—Å—Ç–∏—Ü–∏–∏,"""–ê–¥–∏–ª—å, —Å–¥–µ–ª–∞–π—Ç–µ –≤–∞—à –±–∞–ª–∞–Ω—Å –≤ 55 634 ‚Ç∏ —Ä–∞–±–æ—Ç–∞—Ç—å! –ò–Ω–≤–µ—Å—Ç–∏—Ü–∏–∏ –º–æ–≥—É—Ç –ø—Ä–∏–Ω–µ—Å—Ç–∏ –¥–æ–ø–æ–ª–Ω–∏—Ç–µ–ª—å–Ω—ã–µ 556,34 ‚Ç∏. –ü–æ–ø—Ä–æ–±—É–π—Ç–µ, —ç—Ç–æ –ø—Ä–æ—â–µ, —á–µ–º –∫–∞–∂–µ—Ç—Å—è. üöÄ –ò–Ω–≤–µ—Å—Ç–∏—Ä–æ–≤–∞—Ç—å"""
26,–ö–∞—Ä—Ç–∞ –¥–ª—è –ø—É—Ç–µ—à–µ—Å—Ç–≤–∏–π,"–ü—Ä–∏–≤–µ—Ç, –ú–∞—Ä–∂–∞–Ω! üåç –ö—É–¥–∞ –æ—Ç–ø—Ä–∞–≤–∏–º—Å—è –≤ —Å–ª–µ–¥—É—é—â–µ–µ –ø—É—Ç–µ—à–µ—Å—Ç–≤–∏–µ? –ù–∞—à–∞ –∫–∞—Ä—Ç–∞ –¥–ª—è –ø—É—Ç–µ—à–µ—Å—Ç–≤–∏–π —Å—Ç–∞–Ω–µ—Ç –æ—Ç–ª–∏—á–Ω—ã–º –∫–æ–º–ø–∞–Ω—å–æ–Ω–æ–º. –£–∑–Ω–∞–π –ø–æ–¥—Ä–æ–±–Ω–æ—Å—Ç–∏. –û—Ç–∫—Ä—ã—Ç—å."
27,–ò–Ω–≤–µ—Å—Ç–∏—Ü–∏–∏,"–ü—Ä–∏–≤–µ—Ç, –ù—É—Ä—Å—É–ª—Ç–∞–Ω! –£ –Ω–∞—Å –¥–ª—è —Ç–µ–±—è –µ—Å—Ç—å –ø—Ä–µ–¥–ª–æ–∂–µ–Ω–∏–µ: –¥–∞–≤–∞–π –ø—Ä–µ–≤—Ä–∞—Ç–∏–º —Ç–≤–æ–∏ 70 858 ‚Ç∏ –≤ –±–æ–ª—å—à–µ. –° –Ω–∞—à–∏–º–∏ –∏–Ω–≤–µ—Å—Ç–∏—Ü–∏—è–º–∏ —Ç—ã –º–æ–∂–µ—à—å –∑–∞—Ä–∞–±–æ—Ç–∞—Ç—å –µ—â—ë –º–∏–Ω–∏–º—É–º 708,58 ‚Ç∏. –ó–∞–∏–Ω—Ç–µ—Ä–µ—Å–æ–≤–∞–ª–æ? üöÄ –ò–Ω–≤–µ—Å—Ç–∏—Ä–æ–≤–∞—Ç—å"
28,–ö–∞—Ä—Ç–∞ –¥–ª—è –ø—É—Ç–µ—à–µ—Å—Ç–≤–∏–π,"–ü—Ä–∏–≤–µ—Ç, –ê–ª—Ç—ã–Ω–∞–π! üåç –ü—É—Ç–µ—à–µ—Å—Ç–≤–∏—è —Å—Ç–∞–Ω—É—Ç –µ—â–µ –ø—Ä–∏—è—Ç–Ω–µ–µ —Å –Ω–∞—à–µ–π –Ω–æ–≤–æ–π –∫–∞—Ä—Ç–æ–π. –°–∫–æ—Ä–µ–µ –æ—Ç–∫—Ä—ã—Ç—å –∏ –Ω–∞—Å–ª–∞–∂–¥–∞—Ç—å—Å—è —Å–≤–æ–±–æ–¥–æ–π –ø–µ—Ä–µ–¥–≤–∏–∂–µ–Ω–∏–π –±–µ–∑ –ª–∏—à–Ω–∏—Ö –∑–∞–±–æ—Ç. –û—Ç–∫—Ä—ã—Ç—å."
29,–ò–Ω–≤–µ—Å—Ç–∏—Ü–∏–∏,"–ü—Ä–∏–≤–µ—Ç, –°–∞—è! üëã –¢–≤–æ–π –∑–∞—Ä–ø–ª–∞—Ç–Ω—ã–π –±–∞–ª–∞–Ω—Å ‚Äî 88 487 ‚Ç∏ –∏ –º—ã –∑–Ω–∞–µ–º, –∫–∞–∫ –ø–æ–º–æ—á—å –µ–≥–æ —É–≤–µ–ª–∏—á–∏—Ç—å. –û—Ç–∫—Ä–æ–π –∏–Ω–≤–µ—Å—Ç–∏—Ü–∏–∏ –∏ –ø–æ–ª—É—á–∏ –¥–æ–ø–æ–ª–Ω–∏—Ç–µ–ª—å–Ω—É—é –≤—ã–≥–æ–¥—É –≤ 884,87 ‚Ç∏. –ò–Ω–≤–µ—Å—Ç–∏—Ä–æ–≤–∞—Ç—å!"
30,–ö–∞—Ä—Ç–∞ –¥–ª—è –ø—É—Ç–µ—à–µ—Å—Ç–≤–∏–π,"–ü—Ä–∏–≤–µ—Ç, –ï—Ä–±–æ–ª! –ú—ã –∑–∞–º–µ—Ç–∏–ª–∏, —á—Ç–æ —É –≤–∞—Å –Ω–∞–∫–æ–ø–∏–ª–∞—Å—å –ø—Ä–∏–ª–∏—á–Ω–∞—è —Å—É–º–º–∞. –ß—Ç–æ –Ω–∞—Å—á—ë—Ç –ø—É—Ç–µ—à–µ—Å—Ç–≤–∏—è? –ü—Ä–µ–¥–ª–∞–≥–∞–µ–º –≤–∞–º –∫–∞—Ä—Ç—É –¥–ª—è –ø—É—Ç–µ—à–µ—Å—Ç–≤–∏–π. –ë–æ–Ω—É—Å–æ–≤ –ø–æ–∫–∞ 0, –Ω–æ —ç—Ç–æ —Ç–æ–ª—å–∫–æ –Ω–∞—á–∞–ª–æ üåç –û—Ç–∫—Ä—ã—Ç—å."
31,–ò–Ω–≤–µ—Å—Ç–∏—Ü–∏–∏,"–ü—Ä–∏–≤–µ—Ç, –î–∞–º–∏—Ä! –°—Ç–∞–ª–æ —Å–∫—É—á–Ω–æ —Å–º–æ—Ç—Ä–µ—Ç—å, –∫–∞–∫ —Ç–≤–æ–∏ 1 303 848 ‚Ç∏ –ø—Ä–æ—Å—Ç–æ –ª–µ–∂–∞—Ç? üí∞ –ü–æ–ø—Ä–æ–±—É–π –∏–Ω–≤–µ—Å—Ç–∏—Ü–∏–∏ –∏ –ø—Ä–∏—É–º–Ω–æ–∂—å —Å–≤–æ—é –ø—Ä–∏–±—ã–ª—å –Ω–∞ 13 038,48 ‚Ç∏. –ò–Ω—Ç–µ—Ä–µ—Å–Ω–æ? –ü–æ–ø—Ä–æ–±–æ–≤–∞—Ç—å."
32,–ö–∞—Ä—Ç–∞ –¥–ª—è –ø—É—Ç–µ—à–µ—Å—Ç–≤–∏–π,"–ê–ª–∏—è, –º—ã –∑–Ω–∞–µ–º, —á—Ç–æ –≤—ã –ª—é–±–∏—Ç–µ –ø—É—Ç–µ—à–µ—Å—Ç–≤–æ–≤–∞—Ç—å! –ù–∞—à–∞ –∫–∞—Ä—Ç–∞ –¥–ª—è –ø—É—Ç–µ—à–µ—Å—Ç–≤–∏–π –ø–æ–º–æ–∂–µ—Ç –≤–∞–º —Å—ç–∫–æ–Ω–æ–º–∏—Ç—å –Ω–∞ –∫–æ–º–∏—Å—Å–∏—è—Ö –∏ –ø–æ–ª—É—á–∏—Ç—å –º–∞–∫—Å–∏–º—É–º —É–¥–æ–≤–æ–ª—å—Å—Ç–≤–∏—è –æ—Ç –∫–∞–∂–¥–æ–π –ø–æ–µ–∑–¥–∫–∏. –û—Ç–∫—Ä—ã—Ç—åüåç"
33,–ò–Ω–≤–µ—Å—Ç–∏—Ü–∏–∏,"–ü—Ä–∏–≤–µ—Ç, –ú–µ—Ä–µ–π! –ß—Ç–æ –Ω–∞—Å—á–µ—Ç –Ω–µ–±–æ–ª—å—à–æ–≥–æ —É–≤–µ–ª–∏—á–µ–Ω–∏—è —Å–≤–æ–µ–≥–æ –±–∞–ª–∞–Ω—Å–∞? –ü–æ–ø—Ä–æ–±—É–π—Ç–µ –∏–Ω–≤–µ—Å—Ç–∏—Ü–∏–∏ –∏ –ø–æ–ª—É—á–∏—Ç–µ –æ—Ü–µ–Ω–æ—á–Ω—É—é –≤—ã–≥–æ–¥—É 8 242,46 ‚Ç∏. –†–∏—Å–∫–Ω—É—Ç—å?"
34,–ö–∞—Ä—Ç–∞ –¥–ª—è –ø—É—Ç–µ—à–µ—Å—Ç–≤–∏–π,"–ò–Ω–∫–∞—Ä, –ø–ª–∞–Ω–∏—Ä—É–µ—Ç–µ –ø—É—Ç–µ—à–µ—Å—Ç–≤–∏–µ? üåç –ù–∞—à–∞ –∫–∞—Ä—Ç–∞ –¥–ª—è –ø—É—Ç–µ—à–µ—Å—Ç–≤–∏–π ‚Äî –≤–∞—à –Ω–∞–¥—ë–∂–Ω—ã–π —Å–ø—É—Ç–Ω–∏–∫ –≤ –ø–æ–µ–∑–¥–∫–∞—Ö! –í–µ—Ä–Ω–∏—Ç–µ –∫–æ–º—Ñ–æ—Ä—Ç –≤ —Å–≤–æ–∏ –ø—É—Ç–µ—à–µ—Å—Ç–≤–∏—è. –û—Ç–∫—Ä—ã—Ç—å."
35,–ö–∞—Ä—Ç–∞ –¥–ª—è –ø—É—Ç–µ—à–µ—Å—Ç–≤–∏–π,"–ü—Ä–∏–≤–µ—Ç, –°–∞–º–∞—Ç! –õ—é–±–∏—Ç–µ –ø—É—Ç–µ—à–µ—Å—Ç–≤–æ–≤–∞—Ç—å? –ù–∞—à–∞ –∫–∞—Ä—Ç–∞ –¥–ª—è –ø—É—Ç–µ—à–µ—Å—Ç–≤–∏–π –∫–∞–∫ —Ä–∞–∑ –¥–ª—è –≤–∞—Å. –£ –Ω–∞—Å –Ω–µ—Ç —Ç–æ–ø-–∫–∞—Ç–µ–≥–æ—Ä–∏–π, –ø–æ—Ç–æ–º—É —á—Ç–æ –∫–∞–∂–¥–æ–µ –ø—É—Ç–µ—à–µ—Å—Ç–≤–∏–µ ‚Äì —ç—Ç–æ –≤–µ—Ä—à–∏–Ω–∞ üèîÔ∏è. –ü–æ–ª—É—á–∏—Ç—å."
36,–ò–Ω–≤–µ—Å—Ç–∏—Ü–∏–∏,"–ù–∞–∑—ã–º, —Å –∏–Ω–≤–µ—Å—Ç–∏—Ü–∏—è–º–∏ –≤–∞—à –±–∞–ª–∞–Ω—Å 712 277 ‚Ç∏ –º–æ–∂–µ—Ç –≤—ã—Ä–∞—Å—Ç–∏ –Ω–∞ 7 122,77 ‚Ç∏. –î–æ–≤–µ—Ä—å—Ç–µ –¥–µ–Ω—å–≥–∏ –ø—Ä–æ—Ñ–µ—Å—Å–∏–æ–Ω–∞–ª–∞–º, –æ–Ω–∏ –∑–Ω–∞—é—Ç, —á—Ç–æ –¥–µ–ª–∞—é—Ç üòâ –ò–Ω–≤–µ—Å—Ç–∏—Ä–æ–≤–∞—Ç—å"
37,–ö–∞—Ä—Ç–∞ –¥–ª—è –ø—É—Ç–µ—à–µ—Å—Ç–≤–∏–π,"–ü—Ä–∏–≤–µ—Ç, –ì—É–ª—å–Ω–∞—Ä! –ì–æ—Ç–æ–≤—ã –æ—Ç–ø—Ä–∞–≤–∏—Ç—å—Å—è –≤ –ø—É—Ç–µ—à–µ—Å—Ç–≤–∏–µ –≤—Å–µ–≥–æ –≤ –æ–¥–∏–Ω –∫–ª–∏–∫? –û—Ç–∫—Ä–æ–π—Ç–µ –Ω–∞—à—É –∫–∞—Ä—Ç—É –¥–ª—è –ø—É—Ç–µ—à–µ—Å—Ç–≤–∏–π –∏ –ø–æ–∑–≤–æ–ª—å—Ç–µ –º–∏—Ä—É —É–¥–∏–≤–∏—Ç—å –≤–∞—Å. –û—Ç–∫—Ä—ã—Ç—å. üåç"
38,–ö–∞—Ä—Ç–∞ –¥–ª—è –ø—É—Ç–µ—à–µ—Å—Ç–≤–∏–π,"–ü—Ä–∏–≤–µ—Ç, –°–µ—Ä–∏–∫! üòä –õ—é–±–∏—à—å –ø—É—Ç–µ—à–µ—Å—Ç–≤–æ–≤–∞—Ç—å? –£ –Ω–∞—Å –µ—Å—Ç—å —Å–ø–µ—Ü–∏–∞–ª—å–Ω–∞—è –∫–∞—Ä—Ç–∞ –¥–ª—è –ø—É—Ç–µ—à–µ—Å—Ç–≤–∏–π. –° –Ω–µ–π –≤–∞—à –æ—Ç–¥—ã—Ö —Å—Ç–∞–Ω–µ—Ç –µ—â–µ –∫–æ–º—Ñ–æ—Ä—Ç–Ω–µ–µ –∏ –ø—Ä–∏—è—Ç–Ω–µ–µ. –£–∑–Ω–∞–π –ø–æ–¥—Ä–æ–±–Ω–æ—Å—Ç–∏. –û—Ç–∫—Ä—ã—Ç—å."
39,–ò–Ω–≤–µ—Å—Ç–∏—Ü–∏–∏,"–ü—Ä–∏–≤–µ—Ç, –õ—è–∑–∑–∞—Ç! –¢–≤–æ–∏ 1 248 239 ‚Ç∏ –º–æ–≥—É—Ç —Ä–∞–±–æ—Ç–∞—Ç—å –Ω–∞ —Ç–µ–±—è. –ü–æ–ø—Ä–æ–±—É–π –∏–Ω–≤–µ—Å—Ç–∏—Ü–∏–∏ –∏ –∑–∞—Ä–∞–±–æ—Ç–∞–π –µ—â–µ 12 482,39 ‚Ç∏. –ö–∞–∫ –Ω–∞—Å—á–µ—Ç —ç—Ç–æ–≥–æ? üí∞ –ù–∞—á–∞—Ç—å."
40,–ö–∞—Ä—Ç–∞ –¥–ª—è –ø—É—Ç–µ—à–µ—Å—Ç–≤–∏–π,"–ê—Å—Ö–∞—Ç, –Ω–∞—à–ª–∏ –¥–ª—è –≤–∞—Å –∏–¥–µ–∞–ª—å–Ω—ã–π —Å–ø—É—Ç–Ω–∏–∫ –≤ –ø—É—Ç–µ—à–µ—Å—Ç–≤–∏—è—Ö ‚Äî –∫–∞—Ä—Ç—É –æ—Ç –Ω–∞—à–µ–≥–æ –±–∞–Ω–∫–∞. –í—Å—Ç—Ä–µ—á–∞–π—Ç–µ –Ω–æ–≤—ã–µ –≥–æ—Ä–∏–∑–æ–Ω—Ç—ã –±–µ–∑ –ª–∏—à–Ω–∏—Ö –∑–∞–±–æ—Ç. –û—Ç–∫—Ä—ã—Ç—å! üåç"
41,–ö–∞—Ä—Ç–∞ –¥–ª—è –ø—É—Ç–µ—à–µ—Å—Ç–≤–∏–π,"–ü—Ä–∏–≤–µ—Ç, –°–∞–Ω–¥—É–≥–∞—à! –ú–∏—Ä –æ—Ç–∫—Ä—ã–≤–∞–µ—Ç –¥–≤–µ—Ä–∏, –∞ –º—ã –ø—Ä–µ–¥–ª–∞–≥–∞–µ–º –∫–∞—Ä—Ç—É –¥–ª—è –ø—É—Ç–µ—à–µ—Å—Ç–≤–∏–π. –ü—É—Ç–µ—à–µ—Å—Ç–≤—É–π—Ç–µ —Å –∫–æ–º—Ñ–æ—Ä—Ç–æ–º –∏ –Ω–∞–±–∏—Ä–∞–π—Ç–µ—Å—å –Ω–æ–≤—ã—Ö –≤–ø–µ—á–∞—Ç–ª–µ–Ω–∏–π. üåç –û—Ç–∫—Ä—ã—Ç—å."
42,–ö–∞—Ä—Ç–∞ –¥–ª—è –ø—É—Ç–µ—à–µ—Å—Ç–≤–∏–π,"–†—É—Å—Ç–µ–º, –¥–ª—è –ª—é–±–∏—Ç–µ–ª–µ–π –ø—É—Ç–µ—à–µ—Å—Ç–≤–∏–π —É –Ω–∞—Å –µ—Å—Ç—å —á—Ç–æ-—Ç–æ –∏–Ω—Ç–µ—Ä–µ—Å–Ω–æ–µ! –ö–∞—Ä—Ç–∞ –¥–ª—è –ø—É—Ç–µ—à–µ—Å—Ç–≤–∏–π ‚Äî –≤–∞—à –ª–∏—á–Ω—ã–π –≥–∏–¥ –≤ –º–∏—Ä–µ —Ñ–∏–Ω–∞–Ω—Å–æ–≤. –û—Ç–∫—Ä–æ–π—Ç–µ —Å–≤–æ–∏ –≥–æ—Ä–∏–∑–æ–Ω—Ç—ã üåç –û—Ç–∫—Ä—ã—Ç—å."
43,–ò–Ω–≤–µ—Å—Ç–∏—Ü–∏–∏,"–ù—É—Ä—Ç–∞—Å, —Å–¥–µ–ª–∞–π—Ç–µ –≤–∞—à–∏ 76 320 ‚Ç∏ —Ä–∞–±–æ—Ç–∞—Ç—å! –ò–Ω–≤–µ—Å—Ç–∏—Ä—É–π—Ç–µ –∏ –ø–æ–ª—É—á–∏—Ç–µ –¥–æ–ø–æ–ª–Ω–∏—Ç–µ–ª—å–Ω—ã–µ 763,20 ‚Ç∏. –≠–∫–æ–Ω–æ–º—å—Ç–µ –∏ –ø—Ä–∏—É–º–Ω–æ–∂–∞–π—Ç–µ, –Ω–∞—Å—Ç—Ä–æ–∏–≤ –≤–∫–ª–∞–¥–∫—É ""–ò–Ω–≤–µ—Å—Ç–∏—Ü–∏–∏"". –û—Ç–∫—Ä—ã—Ç—å."
44,–ö–∞—Ä—Ç–∞ –¥–ª—è –ø—É—Ç–µ—à–µ—Å—Ç–≤–∏–π,"–ü—Ä–∏–≤–µ—Ç, –ê–π–Ω–∞–≥—É–ª—å! üåç –î–ª—è –ª—é–±–∏—Ç–µ–ª–µ–π –ø—É—Ç–µ—à–µ—Å—Ç–≤–∏–π –∫–∞–∫ —Ç—ã, —É –Ω–∞—Å –µ—Å—Ç—å –∏–¥–µ–∞–ª—å–Ω–∞—è –∫–∞—Ä—Ç–∞. –ë–µ–∑ –ª–∏—à–Ω–∏—Ö —Ä–∞—Å—Ö–æ–¥–æ–≤, —Ç–æ–ª—å–∫–æ —è—Ä–∫–∏–µ –≤–ø–µ—á–∞—Ç–ª–µ–Ω–∏—è. –ü–æ—Å–º–æ—Ç—Ä–µ—Ç—å?"
45,–ò–Ω–≤–µ—Å—Ç–∏—Ü–∏–∏,"–î–∏–∞–Ω–∞, –∫–∞–∂–µ—Ç—Å—è, –≤–∞—à –±–∞–ª–∞–Ω—Å 72 552 ‚Ç∏ —Ö–æ—á–µ—Ç –ø—Ä–∏—É–º–Ω–æ–∂–∏—Ç—å—Å—è! üöÄ –ò–Ω–≤–µ—Å—Ç–∏—Ü–∏–∏ ‚Äî —Ç–æ, —á—Ç–æ –≤–∞–º –Ω—É–∂–Ω–æ. –ü–µ—Ä–≤—ã–µ 725,52 ‚Ç∏ –≤—ã–≥–æ–¥—ã —É–∂–µ –∂–¥—É—Ç –≤–∞—Å. –ü–æ–ø—Ä–æ–±–æ–≤–∞—Ç—å?"
46,–ö–∞—Ä—Ç–∞ –¥–ª—è –ø—É—Ç–µ—à–µ—Å—Ç–≤–∏–π,"–ê—Ä—Å–µ–Ω, –¥–ª—è –ø—É—Ç–µ—à–µ—Å—Ç–≤–∏–π –∫–∞–∫ –Ω–∏–∫–æ–≥–¥–∞ –ø–æ–¥—Ö–æ–¥–∏—Ç –Ω–∞—à–∞ –∫–∞—Ä—Ç–∞. –ü–æ–ª—å–∑–æ–≤–∞—Ç—å—Å—è –µ–π —É–¥–æ–±–Ω–æ –∏ –≤—ã–≥–æ–¥–Ω–æ. –ù–∏—á–µ–≥–æ –ª–∏—à–Ω–µ–≥–æ, —Ç–æ–ª—å–∫–æ –∫–æ–º—Ñ–æ—Ä—Ç –Ω–∞ 100%! üåé –û—Ç–∫—Ä—ã—Ç—å."
47,–ò–Ω–≤–µ—Å—Ç–∏—Ü–∏–∏,"–ü—Ä–∏–≤–µ—Ç, –ö–∞–º—à–∞—Ç! –î–∞–≤–∞–π –ø—Ä–µ–≤—Ä–∞—Ç–∏–º —Ç–≤–æ–∏ 79 592 ‚Ç∏ –≤ –±–æ–ª—å—à–µ. üöÄ –° –∏–Ω–≤–µ—Å—Ç–∏—Ü–∏—è–º–∏ –æ—Ç –Ω–∞—à–µ–≥–æ –±–∞–Ω–∫–∞ —Ç–≤–æ–π –±–∞–ª–∞–Ω—Å –º–æ–∂–µ—Ç —É–≤–µ–ª–∏—á–∏—Ç—å—Å—è –Ω–∞ 795,92 ‚Ç∏. –ò–Ω—Ç–µ—Ä–µ—Å–Ω–æ? –ü–æ—Å–º–æ—Ç—Ä–µ—Ç—å."
48,–ö–∞—Ä—Ç–∞ –¥–ª—è –ø—É—Ç–µ—à–µ—Å—Ç–≤–∏–π,"""–ï—Ä–∂–∞–Ω, –∑–∞–≥–ª—è–Ω–∏—Ç–µ –≤ –º–∏—Ä –ø—É—Ç–µ—à–µ—Å—Ç–≤–∏–π —Å –Ω–∞—à–µ–π –Ω–æ–≤–æ–π –∫–∞—Ä—Ç–æ–π! üåç –û—Ç–∫—Ä–æ–π—Ç–µ –Ω–æ–≤—ã–µ –≥–æ—Ä–∏–∑–æ–Ω—Ç—ã –∏ –¥–∞–∂–µ –Ω–µ –∑–∞–º–µ—Ç–∏—Ç–µ —Ä–∞—Å—Ö–æ–¥–æ–≤. –ü—Ä–æ–≤–µ—Ä–∏—Ç—å."""
49,–ò–Ω–≤–µ—Å—Ç–∏—Ü–∏–∏,"–ê–º–∏–Ω–∞, —É –≤–∞—Å –Ω–∞ —Å—á–µ—Ç—É 1 410 759 ‚Ç∏, –∞ –º–æ–≥–ª–æ –±—ã –±—ã—Ç—å 1 424 866 ‚Ç∏ üìà. –ü–æ–ø—Ä–æ–±—É–π—Ç–µ –∏–Ω–≤–µ—Å—Ç–∏—Ü–∏–∏ –∏ —É–≤–∏–¥–∏—Ç–µ —Ä–∞–∑–Ω–∏—Ü—É! –ü–æ—Å–º–æ—Ç—Ä–µ—Ç—å."
50,–ò–Ω–≤–µ—Å—Ç–∏—Ü–∏–∏,"–¢–∏–º—É—Ä–ª–∞–Ω, –º–∏–ª–ª–∏–æ–Ω—ã –∂–¥—É—Ç –Ω–∞ —Å—á–µ—Ç–µ, –∞ –º—ã –ø—Ä–µ–¥–ª–æ–∂–µ–Ω–∏–µ –ø–æ –∏–Ω–≤–µ—Å—Ç–∏—Ü–∏—è–º –ø–æ–¥–æ–±—Ä–∞–ª–∏. –í–æ–∑–º–æ–∂–Ω–∞—è –≤—ã–≥–æ–¥–∞ - 35 736,97 ‚Ç∏. –≠—Ç–æ –∂–µ —Ü–µ–ª–æ–µ —Å–æ—Å—Ç–æ—è–Ω–∏–µ! üíé –ò–Ω–≤–µ—Å—Ç–∏—Ä–æ–≤–∞—Ç—å?"
51,–ò–Ω–≤–µ—Å—Ç–∏—Ü–∏–∏,"–ü—Ä–∏–≤–µ—Ç, –ñ–∞–Ω–∞—Ç üëã –í–∞—à –±–∞–ª–∞–Ω—Å —Ä–∞–¥—É–µ—Ç –≥–ª–∞–∑, –∞ –º—ã –∑–Ω–∞–µ–º, –∫–∞–∫ —É–≤–µ–ª–∏—á–∏—Ç—å –µ–≥–æ –Ω–∞ 14 290,27 ‚Ç∏. –ü–æ–¥—É–º–∞–π—Ç–µ –æ–± –∏–Ω–≤–µ—Å—Ç–∏—Ü–∏—è—Ö. –ü—Ä–æ–≤–µ—Ä–∏—Ç—å."
52,–ò–Ω–≤–µ—Å—Ç–∏—Ü–∏–∏,"""–ú–∏–ª–∞–Ω–∞, –¥–ª—è –≤–∞—à–µ–≥–æ –±–∞–ª–∞–Ω—Å–∞ –≤ 3 418 709 ‚Ç∏ –º—ã –Ω–∞—à–ª–∏ –∏–¥–µ—é: –∏–Ω–≤–µ—Å—Ç–∏—Ü–∏–∏. –û–∂–∏–¥–∞–µ–º–∞—è –≤—ã–≥–æ–¥–∞ ‚Äî 34 187,09 ‚Ç∏. –ü–æ—á–µ–º—É –±—ã –Ω–µ –ø–æ–ø—Ä–æ–±–æ–≤–∞—Ç—å? üí∞ –ü–æ—Å–º–æ—Ç—Ä–µ—Ç—å."""
53,–ò–Ω–≤–µ—Å—Ç–∏—Ü–∏–∏,"–ü—Ä–∏–≤–µ—Ç, –†–∞—Å—É–ª! üëã –°—Ç–∞–±–∏–ª—å–Ω–æ—Å—Ç—å –∏ —ç–∫–æ–Ω–æ–º–Ω–æ—Å—Ç—å —Ç–≤–æ–µ–≥–æ –∫–æ–ø–∏–ª–∫–∏ –≤–ø–µ—á–∞—Ç–ª—è—é—Ç. –î–∞–≤–∞–π —É–≤–µ–ª–∏—á–∏–º –ø—Ä–∏–±—ã–ª—å —Å –∏–Ω–≤–µ—Å—Ç–∏—Ü–∏—è–º–∏? –û–∂–∏–¥–∞–µ–º–∞—è –≤—ã–≥–æ–¥–∞ ‚Äî 12 585,84 ‚Ç∏. –ò–Ω–≤–µ—Å—Ç–∏—Ä—É–π!"
54,–ö–∞—Ä—Ç–∞ –¥–ª—è –ø—É—Ç–µ—à–µ—Å—Ç–≤–∏–π,"–í–∏–∫—Ç–æ—Ä–∏—è, –¥–ª—è –≤–∞—Å –æ—á–µ—Ä–µ–¥–Ω–æ–µ –ø—Ä–µ–∏–º—É—â–µ—Å—Ç–≤–æ –æ—Ç –Ω–∞—à–µ–≥–æ –±–∞–Ω–∫–∞: –∫–∞—Ä—Ç–∞ –¥–ª—è –ø—É—Ç–µ—à–µ—Å—Ç–≤–∏–π. –ü—É—Ç–µ—à–µ—Å—Ç–≤—É–π—Ç–µ —Å –∫–æ–º—Ñ–æ—Ä—Ç–æ–º –∏ —Å—Ç–∏–ª—å–Ω–æ. –ü–æ–ª—É—á–∏—Ç—å. üåç"
55,–ö–∞—Ä—Ç–∞ –¥–ª—è –ø—É—Ç–µ—à–µ—Å—Ç–≤–∏–π,"–ê—Å–µ–ª—å, —É –≤–∞—Å –∑–æ–ª–æ—Ç–æ–π —Å—Ç–∞—Ç—É—Å –∏ –ø–æ—á—Ç–∏ 3,5 –º–ª–Ω ‚Ç∏ –Ω–∞ —Å—á–µ—Ç—É. –ù–µ –ø–æ—Ä–∞ –ª–∏ –ø–æ–¥—É–º–∞—Ç—å –æ –ø—É—Ç–µ—à–µ—Å—Ç–≤–∏—è—Ö? –ü–æ–¥–±–µ—Ä–µ–º –∫–∞—Ä—Ç—É —Å–ø–µ—Ü–∏–∞–ª—å–Ω–æ –¥–ª—è –≤–∞—Å. –û—Ç–∫—Ä—ã—Ç—å?"
56,–ò–Ω–≤–µ—Å—Ç–∏—Ü–∏–∏,"–ü—Ä–∏–≤–µ—Ç, –ù—É—Ä–∫–µ–Ω! –í–∞—à–∏ 60 622 ‚Ç∏ —Ö–æ—Ç—è—Ç –ø–æ—Ä–∞–±–æ—Ç–∞—Ç—å –Ω–∞ –≤–∞—Å. –ü–æ–ø—Ä–æ–±—É–π—Ç–µ –∏–Ω–≤–µ—Å—Ç–∏—Ü–∏–∏ –∏ —É–≤–µ–ª–∏—á—å—Ç–µ –±–∞–ª–∞–Ω—Å –Ω–∞ 606,22 ‚Ç∏. –ó–∞—Ä–∞–±–æ—Ç–∞–π—Ç–µ –Ω–∞ –¥–µ–Ω—å–≥–∞—Ö! üí∞ –ü–æ–ø—Ä–æ–±–æ–≤–∞—Ç—å."
57,–ö–∞—Ä—Ç–∞ –¥–ª—è –ø—É—Ç–µ—à–µ—Å—Ç–≤–∏–π,"–ñ–∞–Ω–∏—è, –≤–∞—à–∞ –∫–∞—Ä—Ç–∞ –¥–ª—è –ø—É—Ç–µ—à–µ—Å—Ç–≤–∏–π –∂–¥—ë—Ç! üåç –° –Ω–µ–π –º–∏—Ä —Å—Ç–∞–Ω–µ—Ç –µ—â—ë –±–ª–∏–∂–µ. –°–¥–µ–ª–∞–π—Ç–µ —Å–≤–æ–∏ –ø—É—Ç–µ—à–µ—Å—Ç–≤–∏—è –µ—â—ë –∫–æ–º—Ñ–æ—Ä—Ç–Ω–µ–µ. –ü–æ–ª—É—á–∏—Ç—å."
58,–ò–Ω–≤–µ—Å—Ç–∏—Ü–∏–∏,"–ü—Ä–∏–≤–µ—Ç, –°—É–ª—Ç–∞–Ω! –ó–∞–º–µ—Ç–∏–ª–∏, —á—Ç–æ —É –≤–∞—Å –Ω–∞ —Å—á–µ—Ç—É —É–∂–µ 62 335 ‚Ç∏. –ß—Ç–æ –µ—Å–ª–∏ –æ–Ω–∏ –Ω–∞—á–Ω—É—Ç —Ä–∞–±–æ—Ç–∞—Ç—å –Ω–∞ –≤–∞—Å? –ü–æ–ø—Ä–æ–±—É–π—Ç–µ –∏–Ω–≤–µ—Å—Ç–∏—Ü–∏–∏ –∏ —É–≤–µ–ª–∏—á—å—Ç–µ —Å–≤–æ–π –¥–æ—Ö–æ–¥ –Ω–∞ 623,35 ‚Ç∏. –ü—Ä–æ–≤–µ—Ä–∏—Ç—å."
59,–ö–∞—Ä—Ç–∞ –¥–ª—è –ø—É—Ç–µ—à–µ—Å—Ç–≤–∏–π,"–î–∏–Ω–∞—Ä–∞, –Ω–∞—à–∞ –∫–∞—Ä—Ç–∞ –¥–ª—è –ø—É—Ç–µ—à–µ—Å—Ç–≤–∏–π –∂–¥—ë—Ç –≤–∞—Å! –•–æ—Ç—å –≤—ã–≥–æ–¥–∞ 0 ‚Ç∏, –Ω–æ –æ—â—É—â–µ–Ω–∏–µ —Å–≤–æ–±–æ–¥—ã ‚Äì –±–µ—Å—Ü–µ–Ω–Ω–æ. üåç –û—Ç–∫—Ä—ã—Ç—å."
60,–ò–Ω–≤–µ—Å—Ç–∏—Ü–∏–∏,"""–ï—Ä–º–µ–∫, –≤–∞—à –±–∞–ª–∞–Ω—Å 48 779 ‚Ç∏ –∂–¥—ë—Ç –ø—Ä–∏–∫–ª—é—á–µ–Ω–∏–π! –ü–æ–ø—Ä–æ–±—É–π—Ç–µ –∏–Ω–≤–µ—Å—Ç–∏—Ü–∏–∏, –æ–Ω–∏ –º–æ–≥—É—Ç —É–¥–∏–≤–∏—Ç—å –≤–∞—à –∫–æ—à–µ–ª—ë–∫. –î–æ–ø–æ–ª–Ω–∏—Ç–µ–ª—å–Ω—ã–π –¥–æ—Ö–æ–¥ –Ω–µ –ø–æ–º–µ—à–∞–µ—Ç, –≤–µ—Ä–Ω–æ? üöÄ –ü–æ–ø—Ä–æ–±–æ–≤–∞—Ç—å."""
